139442p1,cadical,2.74,refuted
139442p1,ictminisat,0.77,refuted
139442p1,minisat2,0.88,refuted
139443p5,cadical,4.56,refuted
139443p5,ictminisat,1.49,refuted
139443p5,minisat2,2.01,refuted
139444p22,cadical,13.14,refuted
139444p22,ictminisat,,timeout
139444p22,minisat2,,timeout
139452p0,cadical,0.20,proved
139452p0,ictminisat,0.16,proved
139452p0,minisat2,0.16,proved
139453p0,cadical,0.39,proved
139453p0,ictminisat,0.35,proved
139453p0,minisat2,0.27,proved
139462p0,cadical,0.39,proved
139462p0,ictminisat,0.27,proved
139462p0,minisat2,0.28,proved
139464p0,cadical,1.35,proved
139464p0,ictminisat,0.93,proved
139464p0,minisat2,0.94,proved
6s0,cadical,,timeout
6s0,ictminisat,,timeout
6s0,minisat2,,timeout
6s105,cadical,,timeout
6s105,ictminisat,,timeout
6s105,minisat2,,timeout
6s109,cadical,,timeout
6s109,ictminisat,,timeout
6s109,minisat2,,timeout
6s119,cadical,,timeout
6s119,ictminisat,,timeout
6s119,minisat2,,timeout
6s120,cadical,1.26,proved
6s120,ictminisat,1.31,proved
6s120,minisat2,1.44,proved
6s128,cadical,,timeout
6s128,ictminisat,,timeout
6s128,minisat2,,timeout
6s130,cadical,,timeout
6s130,ictminisat,,timeout
6s130,minisat2,,timeout
6s131,cadical,,timeout
6s131,ictminisat,,timeout
6s131,minisat2,,timeout
6s134,cadical,,timeout
6s134,ictminisat,,timeout
6s134,minisat2,,timeout
6s145,cadical,,timeout
6s145,ictminisat,,timeout
6s145,minisat2,,timeout
6s158,cadical,,timeout
6s158,ictminisat,,timeout
6s158,minisat2,,timeout
6s16,cadical,,timeout
6s16,ictminisat,,timeout
6s16,minisat2,,timeout
6s160,cadical,,timeout
6s160,ictminisat,,timeout
6s160,minisat2,,timeout
6s163,cadical,,timeout
6s163,ictminisat,,timeout
6s163,minisat2,,timeout
6s185,cadical,,timeout
6s185,ictminisat,,timeout
6s185,minisat2,,timeout
6s186,cadical,,timeout
6s186,ictminisat,,timeout
6s186,minisat2,,timeout
6s187,cadical,,timeout
6s187,ictminisat,,timeout
6s187,minisat2,,timeout
6s188,cadical,,timeout
6s188,ictminisat,,timeout
6s188,minisat2,,timeout
6s191,cadical,,timeout
6s191,ictminisat,,timeout
6s191,minisat2,,timeout
6s195,cadical,,timeout
6s195,ictminisat,,timeout
6s195,minisat2,,timeout
6s20,cadical,,timeout
6s20,ictminisat,,timeout
6s20,minisat2,,timeout
6s202b41,cadical,,timeout
6s202b41,ictminisat,,timeout
6s202b41,minisat2,,timeout
6s204b16,cadical,,timeout
6s204b16,ictminisat,,timeout
6s204b16,minisat2,,timeout
6s205b20,cadical,,timeout
6s205b20,ictminisat,,timeout
6s205b20,minisat2,,timeout
6s206rb103,cadical,,timeout
6s206rb103,ictminisat,9.61,proved
6s206rb103,minisat2,10.65,proved
6s207rb28,cadical,,timeout
6s207rb28,ictminisat,,timeout
6s207rb28,minisat2,,timeout
6s209b0,cadical,4.92,proved
6s209b0,ictminisat,3.14,proved
6s209b0,minisat2,2.78,proved
6s210b037,cadical,0.62,refuted
6s210b037,ictminisat,0.45,refuted
6s210b037,minisat2,0.44,refuted
6s215rb0,cadical,6.23,refuted
6s215rb0,ictminisat,2.45,refuted
6s215rb0,minisat2,1.99,refuted
6s216rb0,cadical,6.72,refuted
6s216rb0,ictminisat,8.63,refuted
6s216rb0,minisat2,9.83,refuted
6s218b2950,cadical,,timeout
6s218b2950,ictminisat,,timeout
6s218b2950,minisat2,,timeout
6s22,cadical,,timeout
6s22,ictminisat,,timeout
6s22,minisat2,,timeout
6s221rb14,cadical,,timeout
6s221rb14,ictminisat,,timeout
6s221rb14,minisat2,48.47,proved
6s267rb3,cadical,,timeout
6s267rb3,ictminisat,,timeout
6s267rb3,minisat2,,timeout
6s268r,cadical,,timeout
6s268r,ictminisat,,timeout
6s268r,minisat2,,timeout
6s269r,cadical,,timeout
6s269r,ictminisat,,timeout
6s269r,minisat2,,timeout
6s271rb079,cadical,26.87,proved
6s271rb079,ictminisat,18.79,proved
6s271rb079,minisat2,20.62,proved
6s274r,cadical,,timeout
6s274r,ictminisat,,timeout
6s274r,minisat2,,timeout
6s275rb318,cadical,,timeout
6s275rb318,ictminisat,5.25,proved
6s275rb318,minisat2,5.52,proved
6s276rb342,cadical,47.86,proved
6s276rb342,ictminisat,5.67,proved
6s276rb342,minisat2,5.03,proved
6s279r,cadical,,timeout
6s279r,ictminisat,,timeout
6s279r,minisat2,,timeout
6s280r,cadical,,timeout
6s280r,ictminisat,,timeout
6s280r,minisat2,,timeout
6s281b35,cadical,,timeout
6s281b35,ictminisat,,timeout
6s281b35,minisat2,,timeout
6s288r,cadical,,timeout
6s288r,ictminisat,,timeout
6s288r,minisat2,,timeout
6s29,cadical,,timeout
6s29,ictminisat,,timeout
6s29,minisat2,,timeout
6s290,cadical,,timeout
6s290,ictminisat,,timeout
6s290,minisat2,,timeout
6s292rb037,cadical,,timeout
6s292rb037,ictminisat,,timeout
6s292rb037,minisat2,,timeout
6s299b685,cadical,,timeout
6s299b685,ictminisat,,timeout
6s299b685,minisat2,,timeout
6s310r,cadical,,timeout
6s310r,ictminisat,,timeout
6s310r,minisat2,,timeout
6s316b421,cadical,,timeout
6s316b421,ictminisat,,timeout
6s316b421,minisat2,,timeout
6s316b460,cadical,,timeout
6s316b460,ictminisat,,timeout
6s316b460,minisat2,,timeout
6s319r,cadical,,timeout
6s319r,ictminisat,,timeout
6s319r,minisat2,,timeout
6s320rb1,cadical,,timeout
6s320rb1,ictminisat,,timeout
6s320rb1,minisat2,,timeout
6s322rb646,cadical,,timeout
6s322rb646,ictminisat,,timeout
6s322rb646,minisat2,,timeout
6s329rb19,cadical,,timeout
6s329rb19,ictminisat,,timeout
6s329rb19,minisat2,,timeout
6s341r,cadical,,timeout
6s341r,ictminisat,,timeout
6s341r,minisat2,,timeout
6s342rb122,cadical,,timeout
6s342rb122,ictminisat,,timeout
6s342rb122,minisat2,,timeout
6s343b08,cadical,,timeout
6s343b08,ictminisat,,timeout
6s343b08,minisat2,,timeout
6s344rb054,cadical,24.63,proved
6s344rb054,ictminisat,2.44,proved
6s344rb054,minisat2,2.09,proved
6s344rb150,cadical,,timeout
6s344rb150,ictminisat,,timeout
6s344rb150,minisat2,,timeout
6s348b53,cadical,,timeout
6s348b53,ictminisat,,timeout
6s348b53,minisat2,,timeout
6s351rb02,cadical,,timeout
6s351rb02,ictminisat,,timeout
6s351rb02,minisat2,,timeout
6s351rb15,cadical,,timeout
6s351rb15,ictminisat,,timeout
6s351rb15,minisat2,,timeout
6s355rb08740,cadical,,timeout
6s355rb08740,ictminisat,5.10,proved
6s355rb08740,minisat2,4.77,proved
6s359r,cadical,,timeout
6s359r,ictminisat,,timeout
6s359r,minisat2,,timeout
6s365r,cadical,,timeout
6s365r,ictminisat,,timeout
6s365r,minisat2,,timeout
6s366r,cadical,,timeout
6s366r,ictminisat,,timeout
6s366r,minisat2,,timeout
6s367r,cadical,,timeout
6s367r,ictminisat,,timeout
6s367r,minisat2,,timeout
6s37,cadical,,timeout
6s37,ictminisat,,timeout
6s37,minisat2,,timeout
6s372rb26,cadical,58.51,proved
6s372rb26,ictminisat,10.15,proved
6s372rb26,minisat2,16.41,proved
6s374b029,cadical,,timeout
6s374b029,ictminisat,,timeout
6s374b029,minisat2,,timeout
6s374b114,cadical,,timeout
6s374b114,ictminisat,39.66,proved
6s374b114,minisat2,35.56,proved
6s376r,cadical,,timeout
6s376r,ictminisat,,timeout
6s376r,minisat2,,timeout
6s377r,cadical,,timeout
6s377r,ictminisat,,timeout
6s377r,minisat2,,timeout
6s38,cadical,,timeout
6s38,ictminisat,,timeout
6s38,minisat2,,timeout
6s380b511,cadical,,timeout
6s380b511,ictminisat,,timeout
6s380b511,minisat2,14.63,refuted
6s384rb024,cadical,3.48,proved
6s384rb024,ictminisat,2.53,proved
6s384rb024,minisat2,2.66,proved
6s387rb291,cadical,,timeout
6s387rb291,ictminisat,,timeout
6s387rb291,minisat2,,timeout
6s389b02,cadical,0.66,refuted
6s389b02,ictminisat,0.63,refuted
6s389b02,minisat2,0.70,refuted
6s391rb379,cadical,0.80,proved
6s391rb379,ictminisat,0.42,proved
6s391rb379,minisat2,0.40,proved
6s393r,cadical,,timeout
6s393r,ictminisat,,timeout
6s393r,minisat2,,timeout
6s394r,cadical,,timeout
6s394r,ictminisat,,timeout
6s394r,minisat2,,timeout
6s398b09,cadical,,timeout
6s398b09,ictminisat,,timeout
6s398b09,minisat2,,timeout
6s399b02,cadical,,timeout
6s399b02,ictminisat,,timeout
6s399b02,minisat2,,timeout
6s4,cadical,,timeout
6s4,ictminisat,,timeout
6s4,minisat2,,timeout
6s400rb07819,cadical,,timeout
6s400rb07819,ictminisat,14.40,proved
6s400rb07819,minisat2,14.01,proved
6s402rb0342,cadical,,timeout
6s402rb0342,ictminisat,,timeout
6s402rb0342,minisat2,,timeout
6s403rb1342,cadical,,timeout
6s403rb1342,ictminisat,,timeout
6s403rb1342,minisat2,,timeout
6s404rb1,cadical,,timeout
6s404rb1,ictminisat,,timeout
6s404rb1,minisat2,,timeout
6s404rb4,cadical,,timeout
6s404rb4,ictminisat,,timeout
6s404rb4,minisat2,,timeout
6s406rb067,cadical,,timeout
6s406rb067,ictminisat,6.38,proved
6s406rb067,minisat2,6.84,proved
6s41,cadical,,timeout
6s41,ictminisat,,timeout
6s41,minisat2,,timeout
6s42,cadical,,timeout
6s42,ictminisat,,timeout
6s42,minisat2,,timeout
6s421rb083,cadical,5.33,proved
6s421rb083,ictminisat,1.34,proved
6s421rb083,minisat2,1.40,proved
6s428rb098,cadical,,timeout
6s428rb098,ictminisat,,timeout
6s428rb098,minisat2,,timeout
6s44,cadical,,timeout
6s44,ictminisat,,timeout
6s44,minisat2,,timeout
6s514r,cadical,,timeout
6s514r,ictminisat,,timeout
6s514r,minisat2,,timeout
6s515rb1,cadical,1.06,proved
6s515rb1,ictminisat,0.67,proved
6s515rb1,minisat2,0.88,proved
6s516r,cadical,,timeout
6s516r,ictminisat,,timeout
6s516r,minisat2,,timeout
6s517rb0,cadical,,timeout
6s517rb0,ictminisat,,timeout
6s517rb0,minisat2,,timeout
abp4p2ff,cadical,4.75,refuted
abp4p2ff,ictminisat,3.12,refuted
abp4p2ff,minisat2,3.60,refuted
bc57sensorsp2,cadical,,timeout
bc57sensorsp2,ictminisat,,timeout
bc57sensorsp2,minisat2,,timeout
beemadd4b1,cadical,,timeout
beemadd4b1,ictminisat,56.52,refuted
beemadd4b1,minisat2,,timeout
beemandrsn6b1,cadical,,timeout
beemandrsn6b1,ictminisat,,timeout
beemandrsn6b1,minisat2,,timeout
beemcmbrdg1b1,cadical,,timeout
beemcmbrdg1b1,ictminisat,,timeout
beemcmbrdg1b1,minisat2,,timeout
beemcmbrdg1f1,cadical,,timeout
beemcmbrdg1f1,ictminisat,,timeout
beemcmbrdg1f1,minisat2,,timeout
beemlifts3b1,cadical,,timeout
beemlifts3b1,ictminisat,,timeout
beemlifts3b1,minisat2,,timeout
beemlmprt8f1,cadical,1.48,refuted
beemlmprt8f1,ictminisat,3.19,refuted
beemlmprt8f1,minisat2,3.43,refuted
beemptrsn4b1,cadical,,timeout
beemptrsn4b1,ictminisat,,timeout
beemptrsn4b1,minisat2,,timeout
bj08amba2g1,cadical,0.06,proved
bj08amba2g1,ictminisat,0.06,proved
bj08amba2g1,minisat2,0.06,proved
bj08amba2g4f3,cadical,6.46,refuted
bj08amba2g4f3,ictminisat,1.94,refuted
bj08amba2g4f3,minisat2,2.71,refuted
bj08amba3g1,cadical,0.34,proved
bj08amba3g1,ictminisat,0.25,proved
bj08amba3g1,minisat2,0.38,proved
bj08amba5g62,cadical,1.06,proved
bj08amba5g62,ictminisat,0.51,proved
bj08amba5g62,minisat2,0.75,proved
bj08aut82,cadical,0.05,proved
bj08aut82,ictminisat,0.06,proved
bj08aut82,minisat2,0.03,proved
bj08vendingcycle,cadical,0.05,refuted
bj08vendingcycle,ictminisat,0.03,refuted
bj08vendingcycle,minisat2,0.06,refuted
bob05,cadical,,timeout
bob05,ictminisat,,timeout
bob05,minisat2,,timeout
bob12s09,cadical,,timeout
bob12s09,ictminisat,,timeout
bob12s09,minisat2,,timeout
bob2,cadical,0.06,proved
bob2,ictminisat,0.04,proved
bob2,minisat2,0.04,proved
bob3,cadical,37.60,proved
bob3,ictminisat,10.61,proved
bob3,minisat2,58.51,proved
bob9234specand,cadical,0.06,proved
bob9234specand,ictminisat,0.05,proved
bob9234specand,minisat2,0.05,proved
bobcount,cadical,0.21,proved
bobcount,ictminisat,0.18,proved
bobcount,minisat2,0.24,proved
boblivea,cadical,,timeout
boblivea,ictminisat,,timeout
boblivea,minisat2,,timeout
boblivear,cadical,,timeout
boblivear,ictminisat,,timeout
boblivear,minisat2,,timeout
bobmiterbm1or,cadical,0.17,refuted
bobmiterbm1or,ictminisat,0.08,refuted
bobmiterbm1or,minisat2,0.16,refuted
bobpcihm,cadical,,timeout
bobpcihm,ictminisat,,timeout
bobpcihm,minisat2,,timeout
bobsm9234,cadical,,timeout
bobsm9234,ictminisat,,timeout
bobsm9234,minisat2,,timeout
bobsmcodic,cadical,,timeout
bobsmcodic,ictminisat,,timeout
bobsmcodic,minisat2,,timeout
bobsmfpu,cadical,,timeout
bobsmfpu,ictminisat,,timeout
bobsmfpu,minisat2,,timeout
bobsmhdlc3,cadical,,timeout
bobsmhdlc3,ictminisat,,timeout
bobsmhdlc3,minisat2,,timeout
bobsmi2c,cadical,,timeout
bobsmi2c,ictminisat,,timeout
bobsmi2c,minisat2,29.35,proved
bobsmminiuart,cadical,,timeout
bobsmminiuart,ictminisat,,timeout
bobsmminiuart,minisat2,,timeout
bobsynth13,cadical,0.57,refuted
bobsynth13,ictminisat,0.66,refuted
bobsynth13,minisat2,0.54,refuted
bobsynthand,cadical,0.42,proved
bobsynthand,ictminisat,0.60,proved
bobsynthand,minisat2,0.31,proved
bobsynthor,cadical,0.81,refuted
bobsynthor,ictminisat,0.64,refuted
bobsynthor,minisat2,0.65,refuted
bobtuint24,cadical,0.09,refuted
bobtuint24,ictminisat,0.04,refuted
bobtuint24,minisat2,0.09,refuted
bobtuttt,cadical,,timeout
bobtuttt,ictminisat,,timeout
bobtuttt,minisat2,,timeout
bobunr2p10d40l,cadical,0.86,proved
bobunr2p10d40l,ictminisat,0.57,proved
bobunr2p10d40l,minisat2,0.33,proved
brpp1,cadical,0.14,refuted
brpp1,ictminisat,0.10,refuted
brpp1,minisat2,0.17,refuted
cmudme2,cadical,,timeout
cmudme2,ictminisat,,timeout
cmudme2,minisat2,,timeout
counterp0,cadical,0.05,refuted
counterp0,ictminisat,0.07,refuted
counterp0,minisat2,0.05,refuted
csmacdp2,cadical,,timeout
csmacdp2,ictminisat,,timeout
csmacdp2,minisat2,,timeout
dme6p1,cadical,0.12,refuted
dme6p1,ictminisat,0.42,refuted
dme6p1,minisat2,0.65,refuted
dme6p1neg,cadical,0.08,refuted
dme6p1neg,ictminisat,0.19,refuted
dme6p1neg,minisat2,0.12,refuted
eijkbs1512,cadical,,timeout
eijkbs1512,ictminisat,,timeout
eijkbs1512,minisat2,,timeout
eijkbs3271,cadical,,timeout
eijkbs3271,ictminisat,,timeout
eijkbs3271,minisat2,,timeout
eijkbs6669,cadical,,timeout
eijkbs6669,ictminisat,,timeout
eijkbs6669,minisat2,,timeout
eijks1196,cadical,0.37,proved
eijks1196,ictminisat,0.18,proved
eijks1196,minisat2,0.17,proved
eijks1238,cadical,0.39,proved
eijks1238,ictminisat,0.12,proved
eijks1238,minisat2,0.18,proved
eijks344,cadical,1.03,proved
eijks344,ictminisat,0.92,proved
eijks344,minisat2,1.17,proved
eijks349,cadical,0.99,proved
eijks349,ictminisat,0.90,proved
eijks349,minisat2,0.78,proved
eijks386,cadical,0.64,proved
eijks386,ictminisat,0.28,proved
eijks386,minisat2,0.22,proved
eijks444,cadical,,timeout
eijks444,ictminisat,,timeout
eijks444,minisat2,,timeout
eijks953,cadical,0.92,proved
eijks953,ictminisat,0.48,proved
eijks953,minisat2,0.45,proved
intel001,cadical,0.11,proved
intel001,ictminisat,0.07,proved
intel001,minisat2,0.07,proved
intel003,cadical,0.44,proved
intel003,ictminisat,0.47,proved
intel003,minisat2,0.23,proved
intel007,cadical,,timeout
intel007,ictminisat,,timeout
intel007,minisat2,,timeout
intel012,cadical,,timeout
intel012,ictminisat,,timeout
intel012,minisat2,,timeout
intel013,cadical,,timeout
intel013,ictminisat,,timeout
intel013,minisat2,,timeout
intel014,cadical,,timeout
intel014,ictminisat,,timeout
intel014,minisat2,,timeout
intel016,cadical,,timeout
intel016,ictminisat,,timeout
intel016,minisat2,,timeout
intel025,cadical,,timeout
intel025,ictminisat,,timeout
intel025,minisat2,,timeout
intel026,cadical,,timeout
intel026,ictminisat,,timeout
intel026,minisat2,,timeout
intel027,cadical,,timeout
intel027,ictminisat,,timeout
intel027,minisat2,,timeout
intel028,cadical,,timeout
intel028,ictminisat,,timeout
intel028,minisat2,,timeout
intel032,cadical,,timeout
intel032,ictminisat,,timeout
intel032,minisat2,,timeout
intel034,cadical,,timeout
intel034,ictminisat,,timeout
intel034,minisat2,,timeout
intel036,cadical,,timeout
intel036,ictminisat,,timeout
intel036,minisat2,,timeout
intel039,cadical,,error
intel039,ictminisat,,timeout
intel039,minisat2,,timeout
intel040,cadical,,error
intel040,ictminisat,,error
intel040,minisat2,,timeout
intel043,cadical,,timeout
intel043,ictminisat,,error
intel043,minisat2,,error
intel044,cadical,,timeout
intel044,ictminisat,,timeout
intel044,minisat2,,timeout
intel046,cadical,,timeout
intel046,ictminisat,,timeout
intel046,minisat2,,timeout
intel047,cadical,,timeout
intel047,ictminisat,,timeout
intel047,minisat2,,timeout
intel056,cadical,,timeout
intel056,ictminisat,,timeout
intel056,minisat2,,timeout
intel061,cadical,,timeout
intel061,ictminisat,,timeout
intel061,minisat2,,timeout
intel064,cadical,,timeout
intel064,ictminisat,,timeout
intel064,minisat2,,timeout
intel066,cadical,,timeout
intel066,ictminisat,,timeout
intel066,minisat2,,timeout
irstdme6,cadical,,timeout
irstdme6,ictminisat,5.44,refuted
irstdme6,minisat2,9.10,refuted
kenflashp03,cadical,0.09,proved
kenflashp03,ictminisat,0.07,proved
kenflashp03,minisat2,0.07,proved
kenflashp07,cadical,0.05,proved
kenflashp07,ictminisat,0.04,proved
kenflashp07,minisat2,0.04,proved
kenflashp08,cadical,0.04,proved
kenflashp08,ictminisat,0.04,proved
kenflashp08,minisat2,0.04,proved
kenflashp09,cadical,0.11,proved
kenflashp09,ictminisat,0.09,proved
kenflashp09,minisat2,0.09,proved
kenflashp10,cadical,0.12,proved
kenflashp10,ictminisat,0.07,proved
kenflashp10,minisat2,0.08,proved
kenflashp13,cadical,0.04,proved
kenflashp13,ictminisat,0.03,proved
kenflashp13,minisat2,0.03,proved
mentorbm1and,cadical,,timeout
mentorbm1and,ictminisat,,timeout
mentorbm1and,minisat2,,timeout
mentorbm1or,cadical,0.97,proved
mentorbm1or,ictminisat,0.75,proved
mentorbm1or,minisat2,0.71,proved
mentorbm1p02,cadical,,timeout
mentorbm1p02,ictminisat,2.39,proved
mentorbm1p02,minisat2,2.18,proved
mutexp0,cadical,0.03,refuted
mutexp0,ictminisat,0.02,refuted
mutexp0,minisat2,0.02,refuted
ndista128,cadical,1.50,proved
ndista128,ictminisat,0.38,proved
ndista128,minisat2,0.61,proved
neclabakery001,cadical,20.24,proved
neclabakery001,ictminisat,8.05,proved
neclabakery001,minisat2,16.11,proved
neclaftp4002,cadical,,timeout
neclaftp4002,ictminisat,5.95,proved
neclaftp4002,minisat2,10.14,proved
neclaftp5001,cadical,0.03,proved
neclaftp5001,ictminisat,0.03,proved
neclaftp5001,minisat2,0.02,proved
neclatcas1a001,cadical,0.58,proved
neclatcas1a001,ictminisat,0.40,proved
neclatcas1a001,minisat2,0.29,proved
nusmvbrp,cadical,3.68,proved
nusmvbrp,ictminisat,1.91,proved
nusmvbrp,minisat2,3.26,proved
nusmvdme216,cadical,,timeout
nusmvdme216,ictminisat,,timeout
nusmvdme216,minisat2,,timeout
nusmvguidancep1,cadical,0.50,proved
nusmvguidancep1,ictminisat,0.13,proved
nusmvguidancep1,minisat2,0.17,proved
nusmvreactorp3,cadical,0.38,proved
nusmvreactorp3,ictminisat,0.21,proved
nusmvreactorp3,minisat2,0.15,proved
nusmvreactorp5,cadical,0.06,proved
nusmvreactorp5,ictminisat,0.03,proved
nusmvreactorp5,minisat2,0.03,proved
nusmvsyncarb5p2,cadical,0.02,proved
nusmvsyncarb5p2,ictminisat,0.02,proved
nusmvsyncarb5p2,minisat2,0.02,proved
nusmvtcasp3,cadical,,timeout
nusmvtcasp3,ictminisat,,timeout
nusmvtcasp3,minisat2,,timeout
oc8051gm03acc,cadical,,timeout
oc8051gm03acc,ictminisat,,timeout
oc8051gm03acc,minisat2,,timeout
oc8051gm06iram,cadical,,timeout
oc8051gm06iram,ictminisat,,timeout
oc8051gm06iram,minisat2,,timeout
oc8051gm0caddr,cadical,,timeout
oc8051gm0caddr,ictminisat,,timeout
oc8051gm0caddr,minisat2,,timeout
oc8051gm12data,cadical,,timeout
oc8051gm12data,ictminisat,,timeout
oc8051gm12data,minisat2,,timeout
oc8051gm15addr,cadical,,timeout
oc8051gm15addr,ictminisat,,timeout
oc8051gm15addr,minisat2,,timeout
oc8051gm1edata,cadical,,timeout
oc8051gm1edata,ictminisat,,timeout
oc8051gm1edata,minisat2,,timeout
oc8051gm2daddr,cadical,,timeout
oc8051gm2daddr,ictminisat,,timeout
oc8051gm2daddr,minisat2,,timeout
oc8051gm36addr,cadical,,timeout
oc8051gm36addr,ictminisat,,timeout
oc8051gm36addr,minisat2,,timeout
oc8051gm3apc,cadical,,timeout
oc8051gm3apc,ictminisat,,timeout
oc8051gm3apc,minisat2,,timeout
oc8051gm3bacc,cadical,,timeout
oc8051gm3bacc,ictminisat,,timeout
oc8051gm3bacc,minisat2,,timeout
oc8051gm3dpc,cadical,,timeout
oc8051gm3dpc,ictminisat,,timeout
oc8051gm3dpc,minisat2,,timeout
oc8051gm3facc,cadical,,timeout
oc8051gm3facc,ictminisat,,timeout
oc8051gm3facc,minisat2,,timeout
oc8051gm43acc,cadical,,timeout
oc8051gm43acc,ictminisat,,timeout
oc8051gm43acc,minisat2,,timeout
oc8051gm49acc,cadical,,timeout
oc8051gm49acc,ictminisat,,timeout
oc8051gm49acc,minisat2,,timeout
oc8051gm49pc,cadical,,timeout
oc8051gm49pc,ictminisat,,timeout
oc8051gm49pc,minisat2,,timeout
oc8051gm4biram,cadical,,timeout
oc8051gm4biram,ictminisat,,timeout
oc8051gm4biram,minisat2,,timeout
oc8051gm4dacc,cadical,,timeout
oc8051gm4dacc,ictminisat,,timeout
oc8051gm4dacc,minisat2,,timeout
oc8051gm58addr,cadical,,timeout
oc8051gm58addr,ictminisat,,timeout
oc8051gm58addr,minisat2,,timeout
oc8051gm59data,cadical,,timeout
oc8051gm59data,ictminisat,,timeout
oc8051gm59data,minisat2,,timeout
oc8051gm63iram,cadical,,timeout
oc8051gm63iram,ictminisat,,timeout
oc8051gm63iram,minisat2,,timeout
oc8051gm64pc,cadical,,timeout
oc8051gm64pc,ictminisat,,timeout
oc8051gm64pc,minisat2,,timeout
oc8051gm68addr,cadical,,timeout
oc8051gm68addr,ictminisat,,timeout
oc8051gm68addr,minisat2,,timeout
oc8051gm6dpc,cadical,,timeout
oc8051gm6dpc,ictminisat,,timeout
oc8051gm6dpc,minisat2,,timeout
oc8051gm7daddr,cadical,,timeout
oc8051gm7daddr,ictminisat,,timeout
oc8051gm7daddr,minisat2,,timeout
oc8051gm81pc,cadical,,timeout
oc8051gm81pc,ictminisat,,timeout
oc8051gm81pc,minisat2,,timeout
oc8051gm88iram,cadical,,timeout
oc8051gm88iram,ictminisat,,timeout
oc8051gm88iram,minisat2,,timeout
oc8051gm8apc,cadical,,timeout
oc8051gm8apc,ictminisat,,timeout
oc8051gm8apc,minisat2,,timeout
oc8051gm95pc,cadical,,timeout
oc8051gm95pc,ictminisat,,timeout
oc8051gm95pc,minisat2,,timeout
oc8051gm98addr,cadical,,timeout
oc8051gm98addr,ictminisat,,timeout
oc8051gm98addr,minisat2,,timeout
oc8051gm9ddata,cadical,,timeout
oc8051gm9ddata,ictminisat,,timeout
oc8051gm9ddata,minisat2,,timeout
oc8051gma4pc,cadical,,timeout
oc8051gma4pc,ictminisat,,timeout
oc8051gma4pc,minisat2,,timeout
oc8051gma6data,cadical,,timeout
oc8051gma6data,ictminisat,,timeout
oc8051gma6data,minisat2,,timeout
oc8051gmadacc,cadical,,timeout
oc8051gmadacc,ictminisat,,timeout
oc8051gmadacc,minisat2,,timeout
oc8051gmb6acc,cadical,,timeout
oc8051gmb6acc,ictminisat,,timeout
oc8051gmb6acc,minisat2,,timeout
oc8051gmb8addr,cadical,,timeout
oc8051gmb8addr,ictminisat,,timeout
oc8051gmb8addr,minisat2,,timeout
oc8051gmbfpc,cadical,,timeout
oc8051gmbfpc,ictminisat,,timeout
oc8051gmbfpc,minisat2,,timeout
oc8051gmc5addr,cadical,,timeout
oc8051gmc5addr,ictminisat,,timeout
oc8051gmc5addr,minisat2,,timeout
oc8051gmc6data,cadical,,timeout
oc8051gmc6data,ictminisat,,timeout
oc8051gmc6data,minisat2,,timeout
oc8051gmcadata,cadical,,timeout
oc8051gmcadata,ictminisat,,timeout
oc8051gmcadata,minisat2,,timeout
oc8051gmcciram,cadical,,timeout
oc8051gmcciram,ictminisat,,timeout
oc8051gmcciram,minisat2,,timeout
oc8051gmd7acc,cadical,,timeout
oc8051gmd7acc,ictminisat,,timeout
oc8051gmd7acc,minisat2,,timeout
oc8051gmdaaddr,cadical,,timeout
oc8051gmdaaddr,ictminisat,,timeout
oc8051gmdaaddr,minisat2,,timeout
oc8051gme0pc,cadical,,timeout
oc8051gme0pc,ictminisat,,timeout
oc8051gme0pc,minisat2,,timeout
oc8051gme2addr,cadical,,timeout
oc8051gme2addr,ictminisat,,timeout
oc8051gme2addr,minisat2,,timeout
oc8051gme5iram,cadical,,timeout
oc8051gme5iram,ictminisat,,timeout
oc8051gme5iram,minisat2,,timeout
oc8051gmecacc,cadical,,timeout
oc8051gmecacc,ictminisat,,timeout
oc8051gmecacc,minisat2,,timeout
oc8051gmf2iram,cadical,,timeout
oc8051gmf2iram,ictminisat,,timeout
oc8051gmf2iram,minisat2,,timeout
oc8051gmfbaddr,cadical,,timeout
oc8051gmfbaddr,ictminisat,,timeout
oc8051gmfbaddr,minisat2,,timeout
oc8051topo08,cadical,,timeout
oc8051topo08,ictminisat,,timeout
oc8051topo08,minisat2,,timeout
oc8051xiommuo5,cadical,,timeout
oc8051xiommuo5,ictminisat,,timeout
oc8051xiommuo5,minisat2,,timeout
oski15a01b00s,cadical,,timeout
oski15a01b00s,ictminisat,,timeout
oski15a01b00s,minisat2,,timeout
oski15a01b57s,cadical,,timeout
oski15a01b57s,ictminisat,,timeout
oski15a01b57s,minisat2,,timeout
oski15a07b0s,cadical,,timeout
oski15a07b0s,ictminisat,,timeout
oski15a07b0s,minisat2,,timeout
oski15a08b00s,cadical,,timeout
oski15a08b00s,ictminisat,,timeout
oski15a08b00s,minisat2,,timeout
oski15a08b08s,cadical,,timeout
oski15a08b08s,ictminisat,,timeout
oski15a08b08s,minisat2,,timeout
oski15a10b02s,cadical,,timeout
oski15a10b02s,ictminisat,,timeout
oski15a10b02s,minisat2,,timeout
oski15a14b22s,cadical,,timeout
oski15a14b22s,ictminisat,,timeout
oski15a14b22s,minisat2,,timeout
pcip1,cadical,0.07,refuted
pcip1,ictminisat,0.07,refuted
pcip1,minisat2,0.11,refuted
pdtfifo1to0,cadical,,timeout
pdtfifo1to0,ictminisat,,timeout
pdtfifo1to0,minisat2,,timeout
pdtpmsarbiter,cadical,0.06,proved
pdtpmsarbiter,ictminisat,0.02,proved
pdtpmsarbiter,minisat2,0.02,proved
pdtpmsretherrtf,cadical,,timeout
pdtpmsretherrtf,ictminisat,,timeout
pdtpmsretherrtf,minisat2,,timeout
pdtpmsrotate32,cadical,0.58,proved
pdtpmsrotate32,ictminisat,0.52,proved
pdtpmsrotate32,minisat2,0.54,proved
pdtpmss1269b,cadical,0.15,proved
pdtpmss1269b,ictminisat,0.10,proved
pdtpmss1269b,minisat2,0.09,proved
pdtpmsusbphy,cadical,0.03,proved
pdtpmsusbphy,ictminisat,0.02,proved
pdtpmsusbphy,minisat2,0.02,proved
pdtswvibs8x8p0,cadical,0.24,refuted
pdtswvibs8x8p0,ictminisat,0.15,refuted
pdtswvibs8x8p0,minisat2,0.12,refuted
pdtswvtma6x4p1,cadical,,timeout
pdtswvtma6x4p1,ictminisat,,timeout
pdtswvtma6x4p1,minisat2,,timeout
pdtswvtma6x6p3,cadical,,timeout
pdtswvtma6x6p3,ictminisat,,timeout
pdtswvtma6x6p3,minisat2,,timeout
pdtvisblackjack0,cadical,0.80,proved
pdtvisblackjack0,ictminisat,0.19,proved
pdtvisblackjack0,minisat2,0.15,proved
pdtvisgigamax4,cadical,0.07,proved
pdtvisgigamax4,ictminisat,0.04,proved
pdtvisgigamax4,minisat2,0.04,proved
pdtvisgray0,cadical,0.01,proved
pdtvisgray0,ictminisat,0.01,proved
pdtvisgray0,minisat2,0.01,proved
pdtvishuffman1,cadical,0.02,proved
pdtvishuffman1,ictminisat,0.02,proved
pdtvishuffman1,minisat2,0.02,proved
pdtvisns2p3,cadical,0.13,proved
pdtvisns2p3,ictminisat,0.05,proved
pdtvisns2p3,minisat2,0.05,proved
pdtvisrethersqo0,cadical,0.02,proved
pdtvisrethersqo0,ictminisat,0.02,proved
pdtvisrethersqo0,minisat2,0.02,proved
pdtvisvending00,cadical,0.71,proved
pdtvisvending00,ictminisat,0.24,proved
pdtvisvending00,minisat2,0.19,proved
pj2010,cadical,0.39,proved
pj2010,ictminisat,0.33,proved
pj2010,minisat2,0.31,proved
pj2016,cadical,41.34,proved
pj2016,ictminisat,4.74,proved
pj2016,minisat2,4.43,proved
power2bit128,cadical,0.16,proved
power2bit128,ictminisat,0.06,proved
power2bit128,minisat2,0.07,proved
prodcellp4,cadical,,timeout
prodcellp4,ictminisat,,timeout
prodcellp4,minisat2,,timeout
productioncellp0,cadical,,timeout
productioncellp0,ictminisat,,timeout
productioncellp0,minisat2,,timeout
ringp0,cadical,0.04,refuted
ringp0,ictminisat,0.02,refuted
ringp0,minisat2,0.02,refuted
shift1add262144,cadical,,timeout
shift1add262144,ictminisat,,timeout
shift1add262144,minisat2,,timeout
srg5ptimo,cadical,0.02,refuted
srg5ptimo,ictminisat,0.02,refuted
srg5ptimo,minisat2,0.02,refuted
texasifetch1p1,cadical,0.03,proved
texasifetch1p1,ictminisat,0.02,proved
texasifetch1p1,minisat2,0.02,proved
texasifetch1p8,cadical,0.02,refuted
texasifetch1p8,ictminisat,0.02,refuted
texasifetch1p8,minisat2,0.02,refuted
texasparsesysp2,cadical,0.26,proved
texasparsesysp2,ictminisat,0.17,proved
texasparsesysp2,minisat2,0.17,proved
texasparsesysp3,cadical,0.32,refuted
texasparsesysp3,ictminisat,0.20,refuted
texasparsesysp3,minisat2,0.20,refuted
texaspimainp01,cadical,0.42,proved
texaspimainp01,ictminisat,0.34,proved
texaspimainp01,minisat2,0.32,proved
vis4arbitp1,cadical,0.15,proved
vis4arbitp1,ictminisat,0.04,proved
vis4arbitp1,minisat2,0.06,proved
visarbiter,cadical,0.05,proved
visarbiter,ictminisat,0.04,proved
visarbiter,minisat2,0.03,proved
viselevatorp1,cadical,0.03,proved
viselevatorp1,ictminisat,0.02,proved
viselevatorp1,minisat2,0.02,proved
viselevatorp2,cadical,0.03,refuted
viselevatorp2,ictminisat,0.04,refuted
viselevatorp2,minisat2,0.03,refuted
visemodel,cadical,0.02,proved
visemodel,ictminisat,0.02,proved
visemodel,minisat2,0.01,proved
visprodcellp01,cadical,0.40,proved
visprodcellp01,ictminisat,0.28,proved
visprodcellp01,minisat2,0.36,proved
